,module name,input shape,output shape,params,memory(MB),MAdd,Flops,MemRead(B),MemWrite(B),duration[%],MemR+W(B),DataSize,height
0,conv1,  3 224 224, 64 112 112,9408,3.06,"235,225,088.00","118,013,952.00",639744,3211264,4.03%,3851008,0,224
1,bn1, 64 112 112, 64 112 112,128,3.06,"3,211,264.00","1,605,632.00",3211776,3211264,27.52%,6423040,3.06,112
2,relu, 64 112 112, 64 112 112,0,3.06,"802,816.00","802,816.00",3211264,3211264,0.00%,6422528,3.06,112
3,maxpool, 64 112 112, 64  56  56,0,0.77,"1,605,632.00","802,816.00",3211264,802816,0.27%,4014080,3.06,112
4,layer1.0.conv1, 64  56  56, 64  56  56,4096,0.77,"25,489,408.00","12,845,056.00",819200,802816,7.79%,1622016,0.765,56
5,layer1.0.bn1, 64  56  56, 64  56  56,128,0.77,"802,816.00","401,408.00",803328,802816,0.00%,1606144,0.765,56
6,layer1.0.conv2, 64  56  56, 64  56  56,36864,0.77,"231,010,304.00","115,605,504.00",950272,802816,0.27%,1753088,0.765,56
7,layer1.0.bn2, 64  56  56, 64  56  56,128,0.77,"802,816.00","401,408.00",803328,802816,0.00%,1606144,0.765,56
8,layer1.0.conv3, 64  56  56,256  56  56,16384,3.06,"101,957,632.00","51,380,224.00",868352,3211264,0.80%,4079616,0.765,56
9,layer1.0.bn3,256  56  56,256  56  56,512,3.06,"3,211,264.00","1,605,632.00",3213312,3211264,0.00%,6424576,3.06,56
10,layer1.0.relu,256  56  56,256  56  56,0,3.06,"802,816.00","802,816.00",3211264,3211264,0.00%,6422528,3.06,56
11,layer1.0.downsample.0, 64  56  56,256  56  56,16384,3.06,"101,957,632.00","51,380,224.00",868352,3211264,0.54%,4079616,3.06,56
12,layer1.0.downsample.1,256  56  56,256  56  56,512,3.06,"3,211,264.00","1,605,632.00",3213312,3211264,0.00%,6424576,3.06,56
13,layer1.1.conv1,256  56  56, 64  56  56,16384,0.77,"102,559,744.00","51,380,224.00",3276800,802816,0.53%,4079616,3.06,56
14,layer1.1.bn1, 64  56  56, 64  56  56,128,0.77,"802,816.00","401,408.00",803328,802816,0.00%,1606144,0.765,56
15,layer1.1.conv2, 64  56  56, 64  56  56,36864,0.77,"231,010,304.00","115,605,504.00",950272,802816,0.27%,1753088,0.765,56
16,layer1.1.bn2, 64  56  56, 64  56  56,128,0.77,"802,816.00","401,408.00",803328,802816,0.00%,1606144,0.765,56
17,layer1.1.conv3, 64  56  56,256  56  56,16384,3.06,"101,957,632.00","51,380,224.00",868352,3211264,0.27%,4079616,0.765,56
18,layer1.1.bn3,256  56  56,256  56  56,512,3.06,"3,211,264.00","1,605,632.00",3213312,3211264,0.27%,6424576,3.06,56
19,layer1.1.relu,256  56  56,256  56  56,0,3.06,"802,816.00","802,816.00",3211264,3211264,0.00%,6422528,3.06,56
20,layer1.2.conv1,256  56  56, 64  56  56,16384,0.77,"102,559,744.00","51,380,224.00",3276800,802816,0.31%,4079616,3.06,56
21,layer1.2.bn1, 64  56  56, 64  56  56,128,0.77,"802,816.00","401,408.00",803328,802816,0.00%,1606144,0.765,56
22,layer1.2.conv2, 64  56  56, 64  56  56,36864,0.77,"231,010,304.00","115,605,504.00",950272,802816,0.27%,1753088,0.765,56
23,layer1.2.bn2, 64  56  56, 64  56  56,128,0.77,"802,816.00","401,408.00",803328,802816,0.00%,1606144,0.765,56
24,layer1.2.conv3, 64  56  56,256  56  56,16384,3.06,"101,957,632.00","51,380,224.00",868352,3211264,0.53%,4079616,0.765,56
25,layer1.2.bn3,256  56  56,256  56  56,512,3.06,"3,211,264.00","1,605,632.00",3213312,3211264,0.13%,6424576,3.06,56
26,layer1.2.relu,256  56  56,256  56  56,0,3.06,"802,816.00","802,816.00",3211264,3211264,0.00%,6422528,3.06,56
27,layer2.0.conv1,256  56  56,128  56  56,32768,1.53,"205,119,488.00","102,760,448.00",3342336,1605632,0.80%,4947968,3.06,56
28,layer2.0.bn1,128  56  56,128  56  56,256,1.53,"1,605,632.00","802,816.00",1606656,1605632,0.06%,3212288,1.53,56
29,layer2.0.conv2,128  56  56,128  28  28,147456,0.38,"231,110,656.00","115,605,504.00",2195456,401408,0.34%,2596864,1.53,56
30,layer2.0.bn2,128  28  28,128  28  28,256,0.38,"401,408.00","200,704.00",402432,401408,0.00%,803840,0.383,28
31,layer2.0.conv3,128  28  28,512  28  28,65536,1.53,"102,359,040.00","51,380,224.00",663552,1605632,0.27%,2269184,0.383,28
32,layer2.0.bn3,512  28  28,512  28  28,1024,1.53,"1,605,632.00","802,816.00",1609728,1605632,0.27%,3215360,1.53,28
33,layer2.0.relu,512  28  28,512  28  28,0,1.53,"401,408.00","401,408.00",1605632,1605632,0.00%,3211264,1.53,28
34,layer2.0.downsample.0,256  56  56,512  28  28,131072,1.53,"205,119,488.00","102,760,448.00",3735552,1605632,2.14%,5341184,1.53,56
35,layer2.0.downsample.1,512  28  28,512  28  28,1024,1.53,"1,605,632.00","802,816.00",1609728,1605632,0.00%,3215360,1.53,28
36,layer2.1.conv1,512  28  28,128  28  28,65536,0.38,"102,660,096.00","51,380,224.00",1867776,401408,0.27%,2269184,1.53,28
37,layer2.1.bn1,128  28  28,128  28  28,256,0.38,"401,408.00","200,704.00",402432,401408,0.00%,803840,0.383,28
38,layer2.1.conv2,128  28  28,128  28  28,147456,0.38,"231,110,656.00","115,605,504.00",991232,401408,0.36%,1392640,0.383,28
39,layer2.1.bn2,128  28  28,128  28  28,256,0.38,"401,408.00","200,704.00",402432,401408,0.00%,803840,0.383,28
40,layer2.1.conv3,128  28  28,512  28  28,65536,1.53,"102,359,040.00","51,380,224.00",663552,1605632,0.29%,2269184,0.383,28
41,layer2.1.bn3,512  28  28,512  28  28,1024,1.53,"1,605,632.00","802,816.00",1609728,1605632,0.00%,3215360,1.53,28
42,layer2.1.relu,512  28  28,512  28  28,0,1.53,"401,408.00","401,408.00",1605632,1605632,0.00%,3211264,1.53,28
43,layer2.2.conv1,512  28  28,128  28  28,65536,0.38,"102,660,096.00","51,380,224.00",1867776,401408,0.27%,2269184,1.53,28
44,layer2.2.bn1,128  28  28,128  28  28,256,0.38,"401,408.00","200,704.00",402432,401408,0.00%,803840,0.383,28
45,layer2.2.conv2,128  28  28,128  28  28,147456,0.38,"231,110,656.00","115,605,504.00",991232,401408,0.35%,1392640,0.383,28
46,layer2.2.bn2,128  28  28,128  28  28,256,0.38,"401,408.00","200,704.00",402432,401408,0.18%,803840,0.383,28
47,layer2.2.conv3,128  28  28,512  28  28,65536,1.53,"102,359,040.00","51,380,224.00",663552,1605632,0.46%,2269184,0.383,28
48,layer2.2.bn3,512  28  28,512  28  28,1024,1.53,"1,605,632.00","802,816.00",1609728,1605632,0.00%,3215360,1.53,28
49,layer2.2.relu,512  28  28,512  28  28,0,1.53,"401,408.00","401,408.00",1605632,1605632,0.00%,3211264,1.53,28
50,layer2.3.conv1,512  28  28,128  28  28,65536,0.38,"102,660,096.00","51,380,224.00",1867776,401408,0.00%,2269184,1.53,28
51,layer2.3.bn1,128  28  28,128  28  28,256,0.38,"401,408.00","200,704.00",402432,401408,0.00%,803840,0.383,28
52,layer2.3.conv2,128  28  28,128  28  28,147456,0.38,"231,110,656.00","115,605,504.00",991232,401408,0.27%,1392640,0.383,28
53,layer2.3.bn2,128  28  28,128  28  28,256,0.38,"401,408.00","200,704.00",402432,401408,0.00%,803840,0.383,28
54,layer2.3.conv3,128  28  28,512  28  28,65536,1.53,"102,359,040.00","51,380,224.00",663552,1605632,0.37%,2269184,0.383,28
55,layer2.3.bn3,512  28  28,512  28  28,1024,1.53,"1,605,632.00","802,816.00",1609728,1605632,0.00%,3215360,1.53,28
56,layer2.3.relu,512  28  28,512  28  28,0,1.53,"401,408.00","401,408.00",1605632,1605632,0.00%,3211264,1.53,28
57,layer3.0.conv1,512  28  28,256  28  28,131072,0.77,"205,320,192.00","102,760,448.00",2129920,802816,0.53%,2932736,1.53,28
58,layer3.0.bn1,256  28  28,256  28  28,512,0.77,"802,816.00","401,408.00",804864,802816,0.00%,1607680,0.765,28
59,layer3.0.conv2,256  28  28,256  14  14,589824,0.19,"231,160,832.00","115,605,504.00",3162112,200704,0.53%,3362816,0.765,28
60,layer3.0.bn2,256  14  14,256  14  14,512,0.19,"200,704.00","100,352.00",202752,200704,0.00%,403456,0.191,14
61,layer3.0.conv3,256  14  14,1024  14  14,262144,0.77,"102,559,744.00","51,380,224.00",1249280,802816,0.54%,2052096,0.191,14
62,layer3.0.bn3,1024  14  14,1024  14  14,2048,0.77,"802,816.00","401,408.00",811008,802816,0.00%,1613824,0.765,14
63,layer3.0.relu,1024  14  14,1024  14  14,0,0.77,"200,704.00","200,704.00",802816,802816,0.00%,1605632,0.765,14
64,layer3.0.downsample.0,512  28  28,1024  14  14,524288,0.77,"205,320,192.00","102,760,448.00",3702784,802816,1.11%,4505600,0.765,28
65,layer3.0.downsample.1,1024  14  14,1024  14  14,2048,0.77,"802,816.00","401,408.00",811008,802816,0.10%,1613824,0.765,14
66,layer3.1.conv1,1024  14  14,256  14  14,262144,0.19,"102,710,272.00","51,380,224.00",1851392,200704,0.14%,2052096,0.765,14
67,layer3.1.bn1,256  14  14,256  14  14,512,0.19,"200,704.00","100,352.00",202752,200704,0.28%,403456,0.191,14
68,layer3.1.conv2,256  14  14,256  14  14,589824,0.19,"231,160,832.00","115,605,504.00",2560000,200704,0.23%,2760704,0.191,14
69,layer3.1.bn2,256  14  14,256  14  14,512,0.19,"200,704.00","100,352.00",202752,200704,0.27%,403456,0.191,14
70,layer3.1.conv3,256  14  14,1024  14  14,262144,0.77,"102,559,744.00","51,380,224.00",1249280,802816,0.27%,2052096,0.191,14
71,layer3.1.bn3,1024  14  14,1024  14  14,2048,0.77,"802,816.00","401,408.00",811008,802816,0.00%,1613824,0.765,14
72,layer3.1.relu,1024  14  14,1024  14  14,0,0.77,"200,704.00","200,704.00",802816,802816,0.00%,1605632,0.765,14
73,layer3.2.conv1,1024  14  14,256  14  14,262144,0.19,"102,710,272.00","51,380,224.00",1851392,200704,0.27%,2052096,0.765,14
74,layer3.2.bn1,256  14  14,256  14  14,512,0.19,"200,704.00","100,352.00",202752,200704,0.00%,403456,0.191,14
75,layer3.2.conv2,256  14  14,256  14  14,589824,0.19,"231,160,832.00","115,605,504.00",2560000,200704,0.41%,2760704,0.191,14
76,layer3.2.bn2,256  14  14,256  14  14,512,0.19,"200,704.00","100,352.00",202752,200704,0.00%,403456,0.191,14
77,layer3.2.conv3,256  14  14,1024  14  14,262144,0.77,"102,559,744.00","51,380,224.00",1249280,802816,0.23%,2052096,0.191,14
78,layer3.2.bn3,1024  14  14,1024  14  14,2048,0.77,"802,816.00","401,408.00",811008,802816,0.00%,1613824,0.765,14
79,layer3.2.relu,1024  14  14,1024  14  14,0,0.77,"200,704.00","200,704.00",802816,802816,0.00%,1605632,0.765,14
80,layer3.3.conv1,1024  14  14,256  14  14,262144,0.19,"102,710,272.00","51,380,224.00",1851392,200704,0.30%,2052096,0.765,14
81,layer3.3.bn1,256  14  14,256  14  14,512,0.19,"200,704.00","100,352.00",202752,200704,0.00%,403456,0.191,14
82,layer3.3.conv2,256  14  14,256  14  14,589824,0.19,"231,160,832.00","115,605,504.00",2560000,200704,0.50%,2760704,0.191,14
83,layer3.3.bn2,256  14  14,256  14  14,512,0.19,"200,704.00","100,352.00",202752,200704,0.00%,403456,0.191,14
84,layer3.3.conv3,256  14  14,1024  14  14,262144,0.77,"102,559,744.00","51,380,224.00",1249280,802816,0.30%,2052096,0.191,14
85,layer3.3.bn3,1024  14  14,1024  14  14,2048,0.77,"802,816.00","401,408.00",811008,802816,0.00%,1613824,0.765,14
86,layer3.3.relu,1024  14  14,1024  14  14,0,0.77,"200,704.00","200,704.00",802816,802816,0.00%,1605632,0.765,14
87,layer3.4.conv1,1024  14  14,256  14  14,262144,0.19,"102,710,272.00","51,380,224.00",1851392,200704,0.23%,2052096,0.765,14
88,layer3.4.bn1,256  14  14,256  14  14,512,0.19,"200,704.00","100,352.00",202752,200704,0.00%,403456,0.191,14
89,layer3.4.conv2,256  14  14,256  14  14,589824,0.19,"231,160,832.00","115,605,504.00",2560000,200704,0.27%,2760704,0.191,14
90,layer3.4.bn2,256  14  14,256  14  14,512,0.19,"200,704.00","100,352.00",202752,200704,0.00%,403456,0.191,14
91,layer3.4.conv3,256  14  14,1024  14  14,262144,0.77,"102,559,744.00","51,380,224.00",1249280,802816,0.31%,2052096,0.191,14
92,layer3.4.bn3,1024  14  14,1024  14  14,2048,0.77,"802,816.00","401,408.00",811008,802816,0.00%,1613824,0.765,14
93,layer3.4.relu,1024  14  14,1024  14  14,0,0.77,"200,704.00","200,704.00",802816,802816,0.00%,1605632,0.765,14
94,layer3.5.conv1,1024  14  14,256  14  14,262144,0.19,"102,710,272.00","51,380,224.00",1851392,200704,0.27%,2052096,0.765,14
95,layer3.5.bn1,256  14  14,256  14  14,512,0.19,"200,704.00","100,352.00",202752,200704,0.00%,403456,0.191,14
96,layer3.5.conv2,256  14  14,256  14  14,589824,0.19,"231,160,832.00","115,605,504.00",2560000,200704,0.27%,2760704,0.191,14
97,layer3.5.bn2,256  14  14,256  14  14,512,0.19,"200,704.00","100,352.00",202752,200704,0.00%,403456,0.191,14
98,layer3.5.conv3,256  14  14,1024  14  14,262144,0.77,"102,559,744.00","51,380,224.00",1249280,802816,0.27%,2052096,0.191,14
99,layer3.5.bn3,1024  14  14,1024  14  14,2048,0.77,"802,816.00","401,408.00",811008,802816,0.00%,1613824,0.765,14
100,layer3.5.relu,1024  14  14,1024  14  14,0,0.77,"200,704.00","200,704.00",802816,802816,0.00%,1605632,0.765,14
101,layer3.6.conv1,1024  14  14,256  14  14,262144,0.19,"102,710,272.00","51,380,224.00",1851392,200704,0.11%,2052096,0.765,14
102,layer3.6.bn1,256  14  14,256  14  14,512,0.19,"200,704.00","100,352.00",202752,200704,0.00%,403456,0.191,14
103,layer3.6.conv2,256  14  14,256  14  14,589824,0.19,"231,160,832.00","115,605,504.00",2560000,200704,0.80%,2760704,0.191,14
104,layer3.6.bn2,256  14  14,256  14  14,512,0.19,"200,704.00","100,352.00",202752,200704,0.00%,403456,0.191,14
105,layer3.6.conv3,256  14  14,1024  14  14,262144,0.77,"102,559,744.00","51,380,224.00",1249280,802816,0.27%,2052096,0.191,14
106,layer3.6.bn3,1024  14  14,1024  14  14,2048,0.77,"802,816.00","401,408.00",811008,802816,0.00%,1613824,0.765,14
107,layer3.6.relu,1024  14  14,1024  14  14,0,0.77,"200,704.00","200,704.00",802816,802816,0.00%,1605632,0.765,14
108,layer3.7.conv1,1024  14  14,256  14  14,262144,0.19,"102,710,272.00","51,380,224.00",1851392,200704,0.34%,2052096,0.765,14
109,layer3.7.bn1,256  14  14,256  14  14,512,0.19,"200,704.00","100,352.00",202752,200704,0.00%,403456,0.191,14
110,layer3.7.conv2,256  14  14,256  14  14,589824,0.19,"231,160,832.00","115,605,504.00",2560000,200704,0.41%,2760704,0.191,14
111,layer3.7.bn2,256  14  14,256  14  14,512,0.19,"200,704.00","100,352.00",202752,200704,0.00%,403456,0.191,14
112,layer3.7.conv3,256  14  14,1024  14  14,262144,0.77,"102,559,744.00","51,380,224.00",1249280,802816,0.26%,2052096,0.191,14
113,layer3.7.bn3,1024  14  14,1024  14  14,2048,0.77,"802,816.00","401,408.00",811008,802816,0.00%,1613824,0.765,14
114,layer3.7.relu,1024  14  14,1024  14  14,0,0.77,"200,704.00","200,704.00",802816,802816,0.00%,1605632,0.765,14
115,layer3.8.conv1,1024  14  14,256  14  14,262144,0.19,"102,710,272.00","51,380,224.00",1851392,200704,0.27%,2052096,0.765,14
116,layer3.8.bn1,256  14  14,256  14  14,512,0.19,"200,704.00","100,352.00",202752,200704,0.00%,403456,0.191,14
117,layer3.8.conv2,256  14  14,256  14  14,589824,0.19,"231,160,832.00","115,605,504.00",2560000,200704,0.27%,2760704,0.191,14
118,layer3.8.bn2,256  14  14,256  14  14,512,0.19,"200,704.00","100,352.00",202752,200704,0.00%,403456,0.191,14
119,layer3.8.conv3,256  14  14,1024  14  14,262144,0.77,"102,559,744.00","51,380,224.00",1249280,802816,0.40%,2052096,0.191,14
120,layer3.8.bn3,1024  14  14,1024  14  14,2048,0.77,"802,816.00","401,408.00",811008,802816,0.00%,1613824,0.765,14
121,layer3.8.relu,1024  14  14,1024  14  14,0,0.77,"200,704.00","200,704.00",802816,802816,0.00%,1605632,0.765,14
122,layer3.9.conv1,1024  14  14,256  14  14,262144,0.19,"102,710,272.00","51,380,224.00",1851392,200704,0.27%,2052096,0.765,14
123,layer3.9.bn1,256  14  14,256  14  14,512,0.19,"200,704.00","100,352.00",202752,200704,0.00%,403456,0.191,14
124,layer3.9.conv2,256  14  14,256  14  14,589824,0.19,"231,160,832.00","115,605,504.00",2560000,200704,0.53%,2760704,0.191,14
125,layer3.9.bn2,256  14  14,256  14  14,512,0.19,"200,704.00","100,352.00",202752,200704,0.00%,403456,0.191,14
126,layer3.9.conv3,256  14  14,1024  14  14,262144,0.77,"102,559,744.00","51,380,224.00",1249280,802816,0.27%,2052096,0.191,14
127,layer3.9.bn3,1024  14  14,1024  14  14,2048,0.77,"802,816.00","401,408.00",811008,802816,0.00%,1613824,0.765,14
128,layer3.9.relu,1024  14  14,1024  14  14,0,0.77,"200,704.00","200,704.00",802816,802816,0.00%,1605632,0.765,14
129,layer3.10.conv1,1024  14  14,256  14  14,262144,0.19,"102,710,272.00","51,380,224.00",1851392,200704,0.25%,2052096,0.765,14
130,layer3.10.bn1,256  14  14,256  14  14,512,0.19,"200,704.00","100,352.00",202752,200704,0.00%,403456,0.191,14
131,layer3.10.conv2,256  14  14,256  14  14,589824,0.19,"231,160,832.00","115,605,504.00",2560000,200704,0.53%,2760704,0.191,14
132,layer3.10.bn2,256  14  14,256  14  14,512,0.19,"200,704.00","100,352.00",202752,200704,0.00%,403456,0.191,14
133,layer3.10.conv3,256  14  14,1024  14  14,262144,0.77,"102,559,744.00","51,380,224.00",1249280,802816,0.32%,2052096,0.191,14
134,layer3.10.bn3,1024  14  14,1024  14  14,2048,0.77,"802,816.00","401,408.00",811008,802816,0.00%,1613824,0.765,14
135,layer3.10.relu,1024  14  14,1024  14  14,0,0.77,"200,704.00","200,704.00",802816,802816,0.00%,1605632,0.765,14
136,layer3.11.conv1,1024  14  14,256  14  14,262144,0.19,"102,710,272.00","51,380,224.00",1851392,200704,0.25%,2052096,0.765,14
137,layer3.11.bn1,256  14  14,256  14  14,512,0.19,"200,704.00","100,352.00",202752,200704,0.00%,403456,0.191,14
138,layer3.11.conv2,256  14  14,256  14  14,589824,0.19,"231,160,832.00","115,605,504.00",2560000,200704,0.53%,2760704,0.191,14
139,layer3.11.bn2,256  14  14,256  14  14,512,0.19,"200,704.00","100,352.00",202752,200704,0.00%,403456,0.191,14
140,layer3.11.conv3,256  14  14,1024  14  14,262144,0.77,"102,559,744.00","51,380,224.00",1249280,802816,0.04%,2052096,0.191,14
141,layer3.11.bn3,1024  14  14,1024  14  14,2048,0.77,"802,816.00","401,408.00",811008,802816,0.00%,1613824,0.765,14
142,layer3.11.relu,1024  14  14,1024  14  14,0,0.77,"200,704.00","200,704.00",802816,802816,0.00%,1605632,0.765,14
143,layer3.12.conv1,1024  14  14,256  14  14,262144,0.19,"102,710,272.00","51,380,224.00",1851392,200704,0.27%,2052096,0.765,14
144,layer3.12.bn1,256  14  14,256  14  14,512,0.19,"200,704.00","100,352.00",202752,200704,0.00%,403456,0.191,14
145,layer3.12.conv2,256  14  14,256  14  14,589824,0.19,"231,160,832.00","115,605,504.00",2560000,200704,0.51%,2760704,0.191,14
146,layer3.12.bn2,256  14  14,256  14  14,512,0.19,"200,704.00","100,352.00",202752,200704,0.00%,403456,0.191,14
147,layer3.12.conv3,256  14  14,1024  14  14,262144,0.77,"102,559,744.00","51,380,224.00",1249280,802816,0.27%,2052096,0.191,14
148,layer3.12.bn3,1024  14  14,1024  14  14,2048,0.77,"802,816.00","401,408.00",811008,802816,0.00%,1613824,0.765,14
149,layer3.12.relu,1024  14  14,1024  14  14,0,0.77,"200,704.00","200,704.00",802816,802816,0.00%,1605632,0.765,14
150,layer3.13.conv1,1024  14  14,256  14  14,262144,0.19,"102,710,272.00","51,380,224.00",1851392,200704,0.27%,2052096,0.765,14
151,layer3.13.bn1,256  14  14,256  14  14,512,0.19,"200,704.00","100,352.00",202752,200704,0.00%,403456,0.191,14
152,layer3.13.conv2,256  14  14,256  14  14,589824,0.19,"231,160,832.00","115,605,504.00",2560000,200704,0.27%,2760704,0.191,14
153,layer3.13.bn2,256  14  14,256  14  14,512,0.19,"200,704.00","100,352.00",202752,200704,0.00%,403456,0.191,14
154,layer3.13.conv3,256  14  14,1024  14  14,262144,0.77,"102,559,744.00","51,380,224.00",1249280,802816,0.27%,2052096,0.191,14
155,layer3.13.bn3,1024  14  14,1024  14  14,2048,0.77,"802,816.00","401,408.00",811008,802816,0.00%,1613824,0.765,14
156,layer3.13.relu,1024  14  14,1024  14  14,0,0.77,"200,704.00","200,704.00",802816,802816,0.00%,1605632,0.765,14
157,layer3.14.conv1,1024  14  14,256  14  14,262144,0.19,"102,710,272.00","51,380,224.00",1851392,200704,0.25%,2052096,0.765,14
158,layer3.14.bn1,256  14  14,256  14  14,512,0.19,"200,704.00","100,352.00",202752,200704,0.00%,403456,0.191,14
159,layer3.14.conv2,256  14  14,256  14  14,589824,0.19,"231,160,832.00","115,605,504.00",2560000,200704,0.27%,2760704,0.191,14
160,layer3.14.bn2,256  14  14,256  14  14,512,0.19,"200,704.00","100,352.00",202752,200704,0.00%,403456,0.191,14
161,layer3.14.conv3,256  14  14,1024  14  14,262144,0.77,"102,559,744.00","51,380,224.00",1249280,802816,0.00%,2052096,0.191,14
162,layer3.14.bn3,1024  14  14,1024  14  14,2048,0.77,"802,816.00","401,408.00",811008,802816,0.06%,1613824,0.765,14
163,layer3.14.relu,1024  14  14,1024  14  14,0,0.77,"200,704.00","200,704.00",802816,802816,0.00%,1605632,0.765,14
164,layer3.15.conv1,1024  14  14,256  14  14,262144,0.19,"102,710,272.00","51,380,224.00",1851392,200704,0.24%,2052096,0.765,14
165,layer3.15.bn1,256  14  14,256  14  14,512,0.19,"200,704.00","100,352.00",202752,200704,0.00%,403456,0.191,14
166,layer3.15.conv2,256  14  14,256  14  14,589824,0.19,"231,160,832.00","115,605,504.00",2560000,200704,0.27%,2760704,0.191,14
167,layer3.15.bn2,256  14  14,256  14  14,512,0.19,"200,704.00","100,352.00",202752,200704,0.00%,403456,0.191,14
168,layer3.15.conv3,256  14  14,1024  14  14,262144,0.77,"102,559,744.00","51,380,224.00",1249280,802816,0.53%,2052096,0.191,14
169,layer3.15.bn3,1024  14  14,1024  14  14,2048,0.77,"802,816.00","401,408.00",811008,802816,0.27%,1613824,0.765,14
170,layer3.15.relu,1024  14  14,1024  14  14,0,0.77,"200,704.00","200,704.00",802816,802816,0.00%,1605632,0.765,14
171,layer3.16.conv1,1024  14  14,256  14  14,262144,0.19,"102,710,272.00","51,380,224.00",1851392,200704,0.27%,2052096,0.765,14
172,layer3.16.bn1,256  14  14,256  14  14,512,0.19,"200,704.00","100,352.00",202752,200704,0.00%,403456,0.191,14
173,layer3.16.conv2,256  14  14,256  14  14,589824,0.19,"231,160,832.00","115,605,504.00",2560000,200704,0.55%,2760704,0.191,14
174,layer3.16.bn2,256  14  14,256  14  14,512,0.19,"200,704.00","100,352.00",202752,200704,0.00%,403456,0.191,14
175,layer3.16.conv3,256  14  14,1024  14  14,262144,0.77,"102,559,744.00","51,380,224.00",1249280,802816,0.29%,2052096,0.191,14
176,layer3.16.bn3,1024  14  14,1024  14  14,2048,0.77,"802,816.00","401,408.00",811008,802816,0.00%,1613824,0.765,14
177,layer3.16.relu,1024  14  14,1024  14  14,0,0.77,"200,704.00","200,704.00",802816,802816,0.00%,1605632,0.765,14
178,layer3.17.conv1,1024  14  14,256  14  14,262144,0.19,"102,710,272.00","51,380,224.00",1851392,200704,0.27%,2052096,0.765,14
179,layer3.17.bn1,256  14  14,256  14  14,512,0.19,"200,704.00","100,352.00",202752,200704,0.00%,403456,0.191,14
180,layer3.17.conv2,256  14  14,256  14  14,589824,0.19,"231,160,832.00","115,605,504.00",2560000,200704,0.27%,2760704,0.191,14
181,layer3.17.bn2,256  14  14,256  14  14,512,0.19,"200,704.00","100,352.00",202752,200704,0.00%,403456,0.191,14
182,layer3.17.conv3,256  14  14,1024  14  14,262144,0.77,"102,559,744.00","51,380,224.00",1249280,802816,0.27%,2052096,0.191,14
183,layer3.17.bn3,1024  14  14,1024  14  14,2048,0.77,"802,816.00","401,408.00",811008,802816,0.00%,1613824,0.765,14
184,layer3.17.relu,1024  14  14,1024  14  14,0,0.77,"200,704.00","200,704.00",802816,802816,0.00%,1605632,0.765,14
185,layer3.18.conv1,1024  14  14,256  14  14,262144,0.19,"102,710,272.00","51,380,224.00",1851392,200704,0.27%,2052096,0.765,14
186,layer3.18.bn1,256  14  14,256  14  14,512,0.19,"200,704.00","100,352.00",202752,200704,0.00%,403456,0.191,14
187,layer3.18.conv2,256  14  14,256  14  14,589824,0.19,"231,160,832.00","115,605,504.00",2560000,200704,0.27%,2760704,0.191,14
188,layer3.18.bn2,256  14  14,256  14  14,512,0.19,"200,704.00","100,352.00",202752,200704,0.00%,403456,0.191,14
189,layer3.18.conv3,256  14  14,1024  14  14,262144,0.77,"102,559,744.00","51,380,224.00",1249280,802816,0.48%,2052096,0.191,14
190,layer3.18.bn3,1024  14  14,1024  14  14,2048,0.77,"802,816.00","401,408.00",811008,802816,0.00%,1613824,0.765,14
191,layer3.18.relu,1024  14  14,1024  14  14,0,0.77,"200,704.00","200,704.00",802816,802816,0.00%,1605632,0.765,14
192,layer3.19.conv1,1024  14  14,256  14  14,262144,0.19,"102,710,272.00","51,380,224.00",1851392,200704,0.54%,2052096,0.765,14
193,layer3.19.bn1,256  14  14,256  14  14,512,0.19,"200,704.00","100,352.00",202752,200704,0.00%,403456,0.191,14
194,layer3.19.conv2,256  14  14,256  14  14,589824,0.19,"231,160,832.00","115,605,504.00",2560000,200704,0.53%,2760704,0.191,14
195,layer3.19.bn2,256  14  14,256  14  14,512,0.19,"200,704.00","100,352.00",202752,200704,0.00%,403456,0.191,14
196,layer3.19.conv3,256  14  14,1024  14  14,262144,0.77,"102,559,744.00","51,380,224.00",1249280,802816,0.27%,2052096,0.191,14
197,layer3.19.bn3,1024  14  14,1024  14  14,2048,0.77,"802,816.00","401,408.00",811008,802816,0.00%,1613824,0.765,14
198,layer3.19.relu,1024  14  14,1024  14  14,0,0.77,"200,704.00","200,704.00",802816,802816,0.27%,1605632,0.765,14
199,layer3.20.conv1,1024  14  14,256  14  14,262144,0.19,"102,710,272.00","51,380,224.00",1851392,200704,0.00%,2052096,0.765,14
200,layer3.20.bn1,256  14  14,256  14  14,512,0.19,"200,704.00","100,352.00",202752,200704,0.00%,403456,0.191,14
201,layer3.20.conv2,256  14  14,256  14  14,589824,0.19,"231,160,832.00","115,605,504.00",2560000,200704,0.27%,2760704,0.191,14
202,layer3.20.bn2,256  14  14,256  14  14,512,0.19,"200,704.00","100,352.00",202752,200704,0.00%,403456,0.191,14
203,layer3.20.conv3,256  14  14,1024  14  14,262144,0.77,"102,559,744.00","51,380,224.00",1249280,802816,0.27%,2052096,0.191,14
204,layer3.20.bn3,1024  14  14,1024  14  14,2048,0.77,"802,816.00","401,408.00",811008,802816,0.00%,1613824,0.765,14
205,layer3.20.relu,1024  14  14,1024  14  14,0,0.77,"200,704.00","200,704.00",802816,802816,0.00%,1605632,0.765,14
206,layer3.21.conv1,1024  14  14,256  14  14,262144,0.19,"102,710,272.00","51,380,224.00",1851392,200704,0.28%,2052096,0.765,14
207,layer3.21.bn1,256  14  14,256  14  14,512,0.19,"200,704.00","100,352.00",202752,200704,0.00%,403456,0.191,14
208,layer3.21.conv2,256  14  14,256  14  14,589824,0.19,"231,160,832.00","115,605,504.00",2560000,200704,0.53%,2760704,0.191,14
209,layer3.21.bn2,256  14  14,256  14  14,512,0.19,"200,704.00","100,352.00",202752,200704,0.00%,403456,0.191,14
210,layer3.21.conv3,256  14  14,1024  14  14,262144,0.77,"102,559,744.00","51,380,224.00",1249280,802816,0.53%,2052096,0.191,14
211,layer3.21.bn3,1024  14  14,1024  14  14,2048,0.77,"802,816.00","401,408.00",811008,802816,0.00%,1613824,0.765,14
212,layer3.21.relu,1024  14  14,1024  14  14,0,0.77,"200,704.00","200,704.00",802816,802816,0.00%,1605632,0.765,14
213,layer3.22.conv1,1024  14  14,256  14  14,262144,0.19,"102,710,272.00","51,380,224.00",1851392,200704,0.27%,2052096,0.765,14
214,layer3.22.bn1,256  14  14,256  14  14,512,0.19,"200,704.00","100,352.00",202752,200704,0.00%,403456,0.191,14
215,layer3.22.conv2,256  14  14,256  14  14,589824,0.19,"231,160,832.00","115,605,504.00",2560000,200704,0.53%,2760704,0.191,14
216,layer3.22.bn2,256  14  14,256  14  14,512,0.19,"200,704.00","100,352.00",202752,200704,0.00%,403456,0.191,14
217,layer3.22.conv3,256  14  14,1024  14  14,262144,0.77,"102,559,744.00","51,380,224.00",1249280,802816,0.55%,2052096,0.191,14
218,layer3.22.bn3,1024  14  14,1024  14  14,2048,0.77,"802,816.00","401,408.00",811008,802816,0.00%,1613824,0.765,14
219,layer3.22.relu,1024  14  14,1024  14  14,0,0.77,"200,704.00","200,704.00",802816,802816,0.00%,1605632,0.765,14
220,layer4.0.conv1,1024  14  14,512  14  14,524288,0.38,"205,420,544.00","102,760,448.00",2899968,401408,0.48%,3301376,0.765,14
221,layer4.0.bn1,512  14  14,512  14  14,1024,0.38,"401,408.00","200,704.00",405504,401408,0.00%,806912,0.382,14
222,layer4.0.conv2,512  14  14,512   7   7,2359296,0.1,"231,185,920.00","115,605,504.00",9838592,100352,1.07%,9938944,0.382,14
223,layer4.0.bn2,512   7   7,512   7   7,1024,0.1,"100,352.00","50,176.00",104448,100352,0.00%,204800,0.096,7
224,layer4.0.conv3,512   7   7,2048   7   7,1048576,0.38,"102,660,096.00","51,380,224.00",4294656,401408,0.58%,4696064,0.096,7
225,layer4.0.bn3,2048   7   7,2048   7   7,4096,0.38,"401,408.00","200,704.00",417792,401408,0.00%,819200,0.191,7
226,layer4.0.relu,2048   7   7,2048   7   7,0,0.38,"100,352.00","100,352.00",401408,401408,0.00%,802816,0.191,7
227,layer4.0.downsample.0,1024  14  14,2048   7   7,2097152,0.38,"205,420,544.00","102,760,448.00",9191424,401408,1.07%,9592832,0.191,14
228,layer4.0.downsample.1,2048   7   7,2048   7   7,4096,0.38,"401,408.00","200,704.00",417792,401408,0.00%,819200,0.191,7
229,layer4.1.conv1,2048   7   7,512   7   7,1048576,0.1,"102,735,360.00","51,380,224.00",4595712,100352,0.53%,4696064,0.191,7
230,layer4.1.bn1,512   7   7,512   7   7,1024,0.1,"100,352.00","50,176.00",104448,100352,0.00%,204800,0.096,7
231,layer4.1.conv2,512   7   7,512   7   7,2359296,0.1,"231,185,920.00","115,605,504.00",9537536,100352,0.87%,9637888,0.096,7
232,layer4.1.bn2,512   7   7,512   7   7,1024,0.1,"100,352.00","50,176.00",104448,100352,0.00%,204800,0.096,7
233,layer4.1.conv3,512   7   7,2048   7   7,1048576,0.38,"102,660,096.00","51,380,224.00",4294656,401408,0.27%,4696064,0.096,7
234,layer4.1.bn3,2048   7   7,2048   7   7,4096,0.38,"401,408.00","200,704.00",417792,401408,0.00%,819200,0.191,7
235,layer4.1.relu,2048   7   7,2048   7   7,0,0.38,"100,352.00","100,352.00",401408,401408,0.00%,802816,0.191,7
236,layer4.2.conv1,2048   7   7,512   7   7,1048576,0.1,"102,735,360.00","51,380,224.00",4595712,100352,0.27%,4696064,0.191,7
237,layer4.2.bn1,512   7   7,512   7   7,1024,0.1,"100,352.00","50,176.00",104448,100352,0.00%,204800,0.096,7
238,layer4.2.conv2,512   7   7,512   7   7,2359296,0.1,"231,185,920.00","115,605,504.00",9537536,100352,1.04%,9637888,0.096,7
239,layer4.2.bn2,512   7   7,512   7   7,1024,0.1,"100,352.00","50,176.00",104448,100352,0.00%,204800,0.096,7
240,layer4.2.conv3,512   7   7,2048   7   7,1048576,0.38,"102,660,096.00","51,380,224.00",4294656,401408,0.53%,4696064,0.096,7
241,layer4.2.bn3,2048   7   7,2048   7   7,4096,0.38,"401,408.00","200,704.00",417792,401408,0.02%,819200,0.191,7
242,layer4.2.relu,2048   7   7,2048   7   7,0,0.38,"100,352.00","100,352.00",401408,401408,0.00%,802816,0.191,7
243,avgpool,2048   7   7,2048   1   1,0,0.01,0,0,0,0,17.26%,0,0.191,7
244,fc,2048,1000,2049000,0,"4,095,000.00","2,048,000.00",8204192,4000,0.27%,8208192,0.004,
total, , , ,44549160,161.75,"15,662,845,464.00","7,844,406,272.00",8204192,4000,100.00%,518000704,,
